Company Name,Industry,Symbol,Series,Yfinanance
3M India Ltd.,Diversified,3MINDIA,EQ,3MINDIA.NS
ACC Ltd.,Construction Materials,ACC,EQ,ACC.NS
Aarti Drugs Ltd.,Healthcare,AARTIDRUGS,EQ,AARTIDRUGS.NS
Aarti Industries Ltd.,Chemicals,AARTIIND,EQ,AARTIIND.NS
Abbott India Ltd.,Healthcare,ABBOTINDIA,EQ,ABBOTINDIA.NS
Adani Enterprises Ltd.,Metals & Mining,ADANIENT,EQ,ADANIENT.NS
Adani Green Energy Ltd.,Power,ADANIGREEN,EQ,ADANIGREEN.NS
Adani Ports and Special Economic Zone Ltd.,Services,ADANIPORTS,EQ,ADANIPORTS.NS
Adani Power Ltd.,Power,ADANIPOWER,EQ,ADANIPOWER.NS
Adani Total Gas Ltd.,Oil Gas & Consumable Fuels,ATGL,EQ,ATGL.NS
Adani Transmission Ltd.,Power,ADANITRANS,EQ,ADANITRANS.NS
Adani Wilmar Ltd.,Fast Moving Consumer Goods,AWL,EQ,AWL.NS
Aditya Birla Fashion and Retail Ltd.,Consumer Services,ABFRL,EQ,ABFRL.NS
Aegis Logistics Ltd.,Oil Gas & Consumable Fuels,AEGISCHEM,EQ,AEGISCHEM.NS
Aether Industries Ltd.,Chemicals,AETHER,EQ,AETHER.NS
Affle (India) Ltd.,Information Technology,AFFLE,EQ,AFFLE.NS
Ajanta Pharmaceuticals Ltd.,Healthcare,AJANTPHARM,EQ,AJANTPHARM.NS
Alembic Pharmaceuticals Ltd.,Healthcare,APLLTD,EQ,APLLTD.NS
Alkem Laboratories Ltd.,Healthcare,ALKEM,EQ,ALKEM.NS
Alkyl Amines Chemicals Ltd.,Chemicals,ALKYLAMINE,EQ,ALKYLAMINE.NS
Amara Raja Batteries Ltd.,Automobile and Auto Components,AMARAJABAT,EQ,AMARAJABAT.NS
Amber Enterprises India Ltd.,Consumer Durables,AMBER,EQ,AMBER.NS
Ambuja Cements Ltd.,Construction Materials,AMBUJACEM,EQ,AMBUJACEM.NS
Anupam Rasayan India Ltd.,Chemicals,ANURAS,EQ,ANURAS.NS
Apollo Hospitals Enterprise Ltd.,Healthcare,APOLLOHOSP,EQ,APOLLOHOSP.NS
Apollo Tyres Ltd.,Automobile and Auto Components,APOLLOTYRE,EQ,APOLLOTYRE.NS
Archean Chemical Industries Ltd.,Chemicals,ACI,EQ,ACI.NS
Asahi India Glass Ltd.,Automobile and Auto Components,ASAHIINDIA,EQ,ASAHIINDIA.NS
Asian Paints Ltd.,Consumer Durables,ASIANPAINT,EQ,ASIANPAINT.NS
Aster DM Healthcare Ltd.,Healthcare,ASTERDM,EQ,ASTERDM.NS
Atul Ltd.,Chemicals,ATUL,EQ,ATUL.NS
Aurobindo Pharma Ltd.,Healthcare,AUROPHARMA,EQ,AUROPHARMA.NS
Avanti Feeds Ltd.,Fast Moving Consumer Goods,AVANTIFEED,EQ,AVANTIFEED.NS
Avenue Supermarts Ltd.,Consumer Services,DMART,EQ,DMART.NS
BASF India Ltd.,Chemicals,BASF,EQ,BASF.NS
BLS International Services Ltd.,Consumer Services,BLS,EQ,BLS.NS
Bajaj Auto Ltd.,Automobile and Auto Components,BAJAJ-AUTO,EQ,BAJAJ-AUTO.NS
Balaji Amines Ltd.,Chemicals,BALAMINES,EQ,BALAMINES.NS
Balkrishna Industries Ltd.,Automobile and Auto Components,BALKRISIND,EQ,BALKRISIND.NS
Balrampur Chini Mills Ltd.,Fast Moving Consumer Goods,BALRAMCHIN,EQ,BALRAMCHIN.NS
Bata India Ltd.,Consumer Durables,BATAINDIA,EQ,BATAINDIA.NS
Bayer Cropscience Ltd.,Chemicals,BAYERCROP,EQ,BAYERCROP.NS
Berger Paints India Ltd.,Consumer Durables,BERGEPAINT,EQ,BERGEPAINT.NS
Bharat Petroleum Corporation Ltd.,Oil Gas & Consumable Fuels,BPCL,EQ,BPCL.NS
Bharti Airtel Ltd.,Telecommunication,BHARTIARTL,EQ,BHARTIARTL.NS
Bikaji Foods International Ltd.,Fast Moving Consumer Goods,BIKAJI,EQ,BIKAJI.NS
Biocon Ltd.,Healthcare,BIOCON,EQ,BIOCON.NS
Birla Corporation Ltd.,Construction Materials,BIRLACORPN,EQ,BIRLACORPN.NS
Birlasoft Ltd.,Information Technology,BSOFT,EQ,BSOFT.NS
Blue Dart Express Ltd.,Services,BLUEDART,EQ,BLUEDART.NS
Blue Star Ltd.,Consumer Durables,BLUESTARCO,EQ,BLUESTARCO.NS
Bombay Burmah Trading Corporation Ltd.,Fast Moving Consumer Goods,BBTC,EQ,BBTC.NS
Bosch Ltd.,Automobile and Auto Components,BOSCHLTD,EQ,BOSCHLTD.NS
Brigade Enterprises Ltd.,Realty,BRIGADE,EQ,BRIGADE.NS
Brightcom Group Ltd.,Information Technology,BCG,EQ,BCG.NS
Britannia Industries Ltd.,Fast Moving Consumer Goods,BRITANNIA,EQ,BRITANNIA.NS
C.E. Info Systems Ltd.,Information Technology,MAPMYINDIA,EQ,MAPMYINDIA.NS
CCL Products (I) Ltd.,Fast Moving Consumer Goods,CCL,EQ,CCL.NS
CESC Ltd.,Power,CESC,EQ,CESC.NS
Campus Activewear Ltd.,Consumer Durables,CAMPUS,EQ,CAMPUS.NS
Castrol India Ltd.,Oil Gas & Consumable Fuels,CASTROLIND,EQ,CASTROLIND.NS
Ceat Ltd.,Automobile and Auto Components,CEATLTD,EQ,CEATLTD.NS
Century Plyboards (India) Ltd.,Consumer Durables,CENTURYPLY,EQ,CENTURYPLY.NS
Century Textile & Industries Ltd.,Forest Materials,CENTURYTEX,EQ,CENTURYTEX.NS
Chalet Hotels Ltd.,Consumer Services,CHALET,EQ,CHALET.NS
Chambal Fertilizers & Chemicals Ltd.,Chemicals,CHAMBLFERT,EQ,CHAMBLFERT.NS
Chemplast Sanmar Ltd.,Chemicals,CHEMPLASTS,EQ,CHEMPLASTS.NS
Cipla Ltd.,Healthcare,CIPLA,EQ,CIPLA.NS
Clean Science and Technology Ltd.,Chemicals,CLEAN,EQ,CLEAN.NS
Coal India Ltd.,Oil Gas & Consumable Fuels,COALINDIA,EQ,COALINDIA.NS
Coforge Ltd.,Information Technology,COFORGE,EQ,COFORGE.NS
Colgate Palmolive (India) Ltd.,Fast Moving Consumer Goods,COLPAL,EQ,COLPAL.NS
Container Corporation of India Ltd.,Services,CONCOR,EQ,CONCOR.NS
Coromandel International Ltd.,Chemicals,COROMANDEL,EQ,COROMANDEL.NS
Craftsman Automation Ltd.,Automobile and Auto Components,CRAFTSMAN,EQ,CRAFTSMAN.NS
Crompton Greaves Consumer Electricals Ltd.,Consumer Durables,CROMPTON,EQ,CROMPTON.NS
Cyient Ltd.,Information Technology,CYIENT,EQ,CYIENT.NS
DCM Shriram Ltd.,Diversified,DCMSHRIRAM,EQ,DCMSHRIRAM.NS
DLF Ltd.,Realty,DLF,EQ,DLF.NS
Dabur India Ltd.,Fast Moving Consumer Goods,DABUR,EQ,DABUR.NS
Dalmia Bharat Ltd.,Construction Materials,DALBHARAT,EQ,DALBHARAT.NS
Deepak Fertilisers & Petrochemicals Corp. Ltd.,Chemicals,DEEPAKFERT,EQ,DEEPAKFERT.NS
Deepak Nitrite Ltd.,Chemicals,DEEPAKNTR,EQ,DEEPAKNTR.NS
Delhivery Ltd.,Services,DELHIVERY,EQ,DELHIVERY.NS
Delta Corp Ltd.,Consumer Services,DELTACORP,EQ,DELTACORP.NS
Devyani International Ltd.,Consumer Services,DEVYANI,EQ,DEVYANI.NS
Divi's Laboratories Ltd.,Healthcare,DIVISLAB,EQ,DIVISLAB.NS
Dixon Technologies (India) Ltd.,Consumer Durables,DIXON,EQ,DIXON.NS
Dr. Lal Path Labs Ltd.,Healthcare,LALPATHLAB,EQ,LALPATHLAB.NS
Dr. Reddy's Laboratories Ltd.,Healthcare,DRREDDY,EQ,DRREDDY.NS
E.I.D. Parry (India) Ltd.,Chemicals,EIDPARRY,EQ,EIDPARRY.NS
EIH Ltd.,Consumer Services,EIHOTEL,EQ,EIHOTEL.NS
Easy Trip Planners Ltd.,Consumer Services,EASEMYTRIP,EQ,EASEMYTRIP.NS
Eicher Motors Ltd.,Automobile and Auto Components,EICHERMOT,EQ,EICHERMOT.NS
Emami Ltd.,Fast Moving Consumer Goods,EMAMILTD,EQ,EMAMILTD.NS
Endurance Technologies Ltd.,Automobile and Auto Components,ENDURANCE,EQ,ENDURANCE.NS
Engineers India Ltd.,Construction,ENGINERSIN,EQ,ENGINERSIN.NS
Eris Lifesciences Ltd.,Healthcare,ERIS,EQ,ERIS.NS
Exide Industries Ltd.,Automobile and Auto Components,EXIDEIND,EQ,EXIDEIND.NS
FDC Ltd.,Healthcare,FDC,EQ,FDC.NS
FSN E-Commerce Ventures Ltd.,Consumer Services,NYKAA,EQ,NYKAA.NS
Fertilisers and Chemicals Travancore Ltd.,Chemicals,FACT,EQ,FACT.NS
Fine Organic Industries Ltd.,Chemicals,FINEORG,EQ,FINEORG.NS
Firstsource Solutions Ltd.,Services,FSL,EQ,FSL.NS
Fortis Healthcare Ltd.,Healthcare,FORTIS,EQ,FORTIS.NS
G R Infraprojects Ltd.,Construction,GRINFRA,EQ,GRINFRA.NS
GAIL (India) Ltd.,Oil Gas & Consumable Fuels,GAIL,EQ,GAIL.NS
GMR Airports Infrastructure Ltd.,Services,GMRINFRA,EQ,GMRINFRA.NS
Galaxy Surfactants Ltd.,Chemicals,GALAXYSURF,EQ,GALAXYSURF.NS
Garware Technical Fibres Ltd.,Textiles,GARFIBRES,EQ,GARFIBRES.NS
Gland Pharma Ltd.,Healthcare,GLAND,EQ,GLAND.NS
Glaxosmithkline Pharmaceuticals Ltd.,Healthcare,GLAXO,EQ,GLAXO.NS
Glenmark Pharmaceuticals Ltd.,Healthcare,GLENMARK,EQ,GLENMARK.NS
Global Health Ltd.,Healthcare,MEDANTA,EQ,MEDANTA.NS
Go Fashion (India) Ltd.,Consumer Services,GOCOLORS,EQ,GOCOLORS.NS
Godfrey Phillips India Ltd.,Fast Moving Consumer Goods,GODFRYPHLP,EQ,GODFRYPHLP.NS
Godrej Agrovet Ltd.,Fast Moving Consumer Goods,GODREJAGRO,EQ,GODREJAGRO.NS
Godrej Consumer Products Ltd.,Fast Moving Consumer Goods,GODREJCP,EQ,GODREJCP.NS
Godrej Industries Ltd.,Diversified,GODREJIND,EQ,GODREJIND.NS
Godrej Properties Ltd.,Realty,GODREJPROP,EQ,GODREJPROP.NS
Granules India Ltd.,Healthcare,GRANULES,EQ,GRANULES.NS
Grasim Industries Ltd.,Construction Materials,GRASIM,EQ,GRASIM.NS
Great Eastern Shipping Co. Ltd.,Services,GESHIP,EQ,GESHIP.NS
Greenpanel Industries Ltd.,Consumer Durables,GREENPANEL,EQ,GREENPANEL.NS
Gujarat Alkalies & Chemicals Ltd.,Chemicals,GUJALKALI,EQ,GUJALKALI.NS
Gujarat Ambuja Exports Ltd.,Fast Moving Consumer Goods,GAEL,EQ,GAEL.NS
Gujarat Fluorochemicals Ltd.,Chemicals,FLUOROCHEM,EQ,FLUOROCHEM.NS
Gujarat Gas Ltd.,Oil Gas & Consumable Fuels,GUJGASLTD,EQ,GUJGASLTD.NS
Gujarat Narmada Valley Fertilizers and Chemicals Ltd.,Chemicals,GNFC,EQ,GNFC.NS
Gujarat Pipavav Port Ltd.,Services,GPPL,EQ,GPPL.NS
Gujarat State Fertilizers & Chemicals Ltd.,Chemicals,GSFC,EQ,GSFC.NS
Gujarat State Petronet Ltd.,Oil Gas & Consumable Fuels,GSPL,EQ,GSPL.NS
HCL Technologies Ltd.,Information Technology,HCLTECH,EQ,HCLTECH.NS
HFCL Ltd.,Telecommunication,HFCL,EQ,HFCL.NS
Happiest Minds Technologies Ltd.,Information Technology,HAPPSTMNDS,EQ,HAPPSTMNDS.NS
Havells India Ltd.,Consumer Durables,HAVELLS,EQ,HAVELLS.NS
Hero MotoCorp Ltd.,Automobile and Auto Components,HEROMOTOCO,EQ,HEROMOTOCO.NS
Hikal Ltd.,Healthcare,HIKAL,EQ,HIKAL.NS
Hindalco Industries Ltd.,Metals & Mining,HINDALCO,EQ,HINDALCO.NS
Hinduja Global Solutions Ltd.,Services,HGS,EQ,HGS.NS
Hindustan Copper Ltd.,Metals & Mining,HINDCOPPER,EQ,HINDCOPPER.NS
Hindustan Petroleum Corporation Ltd.,Oil Gas & Consumable Fuels,HINDPETRO,EQ,HINDPETRO.NS
Hindustan Unilever Ltd.,Fast Moving Consumer Goods,HINDUNILVR,EQ,HINDUNILVR.NS
Hindustan Zinc Ltd.,Metals & Mining,HINDZINC,EQ,HINDZINC.NS
IFB Industries Ltd.,Consumer Durables,IFBIND,EQ,IFBIND.NS
IRB Infrastructure Developers Ltd.,Construction,IRB,EQ,IRB.NS
ITC Ltd.,Fast Moving Consumer Goods,ITC,EQ,ITC.NS
ITI Ltd.,Telecommunication,ITI,EQ,ITI.NS
India Cements Ltd.,Construction Materials,INDIACEM,EQ,INDIACEM.NS
Indiabulls Real Estate Ltd.,Realty,IBREALEST,EQ,IBREALEST.NS
Indiamart Intermesh Ltd.,Consumer Services,INDIAMART,EQ,INDIAMART.NS
Indian Hotels Co. Ltd.,Consumer Services,INDHOTEL,EQ,INDHOTEL.NS
Indian Oil Corporation Ltd.,Oil Gas & Consumable Fuels,IOC,EQ,IOC.NS
Indian Railway Catering And Tourism Corporation Ltd.,Consumer Services,IRCTC,EQ,IRCTC.NS
Indigo Paints Ltd.,Consumer Durables,INDIGOPNTS,EQ,INDIGOPNTS.NS
Indraprastha Gas Ltd.,Oil Gas & Consumable Fuels,IGL,EQ,IGL.NS
Indus Towers Ltd.,Telecommunication,INDUSTOWER,EQ,INDUSTOWER.NS
Info Edge (India) Ltd.,Consumer Services,NAUKRI,EQ,NAUKRI.NS
Infosys Ltd.,Information Technology,INFY,EQ,INFY.NS
Intellect Design Arena Ltd.,Information Technology,INTELLECT,EQ,INTELLECT.NS
InterGlobe Aviation Ltd.,Services,INDIGO,EQ,INDIGO.NS
Ipca Laboratories Ltd.,Healthcare,IPCALAB,EQ,IPCALAB.NS
J.B. Chemicals & Pharmaceuticals Ltd.,Healthcare,JBCHEPHARM,EQ,JBCHEPHARM.NS
J.K. Cement Ltd.,Construction Materials,JKCEMENT,EQ,JKCEMENT.NS
JBM Auto Ltd.,Automobile and Auto Components,JBMA,EQ,JBMA.NS
JK Lakshmi Cement Ltd.,Construction Materials,JKLAKSHMI,EQ,JKLAKSHMI.NS
JK Paper Ltd.,Forest Materials,JKPAPER,EQ,JKPAPER.NS
JSW Energy Ltd.,Power,JSWENERGY,EQ,JSWENERGY.NS
JSW Steel Ltd.,Metals & Mining,JSWSTEEL,EQ,JSWSTEEL.NS
Jamna Auto Industries Ltd.,Automobile and Auto Components,JAMNAAUTO,EQ,JAMNAAUTO.NS
Jindal Stainless Ltd.,Metals & Mining,JSL,EQ,JSL.NS
Jindal Steel & Power Ltd.,Metals & Mining,JINDALSTEL,EQ,JINDALSTEL.NS
Jindal Worldwide Ltd.,Textiles,JINDWORLD,EQ,JINDWORLD.NS
Jubilant Foodworks Ltd.,Consumer Services,JUBLFOOD,EQ,JUBLFOOD.NS
Jubilant Ingrevia Ltd.,Chemicals,JUBLINGREA,EQ,JUBLINGREA.NS
Jubilant Pharmova Ltd.,Healthcare,JUBLPHARMA,EQ,JUBLPHARMA.NS
Justdial Ltd.,Consumer Services,JUSTDIAL,EQ,JUSTDIAL.NS
Jyothy Labs Ltd.,Fast Moving Consumer Goods,JYOTHYLAB,EQ,JYOTHYLAB.NS
K.P.R. Mill Ltd.,Textiles,KPRMILL,EQ,KPRMILL.NS
KNR Constructions Ltd.,Construction,KNRCON,EQ,KNRCON.NS
KPIT Technologies Ltd.,Information Technology,KPITTECH,EQ,KPITTECH.NS
KRBL Ltd.,Fast Moving Consumer Goods,KRBL,EQ,KRBL.NS
Kajaria Ceramics Ltd.,Consumer Durables,KAJARIACER,EQ,KAJARIACER.NS
Kalpataru Power Transmission Ltd.,Construction,KALPATPOWR,EQ,KALPATPOWR.NS
Kalyan Jewellers India Ltd.,Consumer Durables,KALYANKJIL,EQ,KALYANKJIL.NS
Kansai Nerolac Paints Ltd.,Consumer Durables,KANSAINER,EQ,KANSAINER.NS
Keystone Realtors Ltd.,Realty,RUSTOMJEE,EQ,RUSTOMJEE.NS
Krishna Institute of Medical Sciences Ltd.,Healthcare,KIMS,EQ,KIMS.NS
L&T Technology Services Ltd.,Information Technology,LTTS,EQ,LTTS.NS
LTIMindtree Ltd.,Information Technology,LTIM,EQ,LTIM.NS
Larsen & Toubro Ltd.,Construction,LT,EQ,LT.NS
Latent View Analytics Ltd.,Information Technology,LATENTVIEW,EQ,LATENTVIEW.NS
Laurus Labs Ltd.,Healthcare,LAURUSLABS,EQ,LAURUSLABS.NS
Laxmi Organic Industries Ltd.,Chemicals,LXCHEM,EQ,LXCHEM.NS
Lemon Tree Hotels Ltd.,Consumer Services,LEMONTREE,EQ,LEMONTREE.NS
Linde India Ltd.,Chemicals,LINDEINDIA,EQ,LINDEINDIA.NS
Lupin Ltd.,Healthcare,LUPIN,EQ,LUPIN.NS
Lux Industries Ltd.,Textiles,LUXIND,EQ,LUXIND.NS
MMTC Ltd.,Services,MMTC,EQ,MMTC.NS
MRF Ltd.,Automobile and Auto Components,MRF,EQ,MRF.NS
Macrotech Developers Ltd.,Realty,LODHA,EQ,LODHA.NS
Mahanagar Gas Ltd.,Oil Gas & Consumable Fuels,MGL,EQ,MGL.NS
Mahindra & Mahindra Ltd.,Automobile and Auto Components,M&M,EQ,M&M.NS
Mahindra CIE Automotive Ltd.,Automobile and Auto Components,MAHINDCIE,EQ,MAHINDCIE.NS
Mahindra Holidays & Resorts India Ltd.,Consumer Services,MHRIL,EQ,MHRIL.NS
Mahindra Lifespace Developers Ltd.,Realty,MAHLIFE,EQ,MAHLIFE.NS
Mahindra Logistics Ltd.,Services,MAHLOG,EQ,MAHLOG.NS
Mangalore Refinery & Petrochemicals Ltd.,Oil Gas & Consumable Fuels,MRPL,EQ,MRPL.NS
Marico Ltd.,Fast Moving Consumer Goods,MARICO,EQ,MARICO.NS
Maruti Suzuki India Ltd.,Automobile and Auto Components,MARUTI,EQ,MARUTI.NS
Mastek Ltd.,Information Technology,MASTEK,EQ,MASTEK.NS
Max Healthcare Institute Ltd.,Healthcare,MAXHEALTH,EQ,MAXHEALTH.NS
Medplus Health Services Ltd.,Consumer Services,MEDPLUS,EQ,MEDPLUS.NS
Meghmani Finechem Ltd.,Chemicals,MFL,EQ,MFL.NS
Metro Brands Ltd.,Consumer Durables,METROBRAND,EQ,METROBRAND.NS
Metropolis Healthcare Ltd.,Healthcare,METROPOLIS,EQ,METROPOLIS.NS
Motherson Sumi Wiring India Ltd.,Automobile and Auto Components,MSUMI,EQ,MSUMI.NS
MphasiS Ltd.,Information Technology,MPHASIS,EQ,MPHASIS.NS
NATCO Pharma Ltd.,Healthcare,NATCOPHARM,EQ,NATCOPHARM.NS
NBCC (India) Ltd.,Construction,NBCC,EQ,NBCC.NS
NCC Ltd.,Construction,NCC,EQ,NCC.NS
NHPC Ltd.,Power,NHPC,EQ,NHPC.NS
NLC India Ltd.,Power,NLCINDIA,EQ,NLCINDIA.NS
NMDC Ltd.,Metals & Mining,NMDC,EQ,NMDC.NS
NMDC Steel Ltd.,Metals & Mining,NSLNISP,EQ,NSLNISP.NS
NOCIL Ltd.,Chemicals,NOCIL,EQ,NOCIL.NS
NTPC Ltd.,Power,NTPC,EQ,NTPC.NS
Narayana Hrudayalaya Ltd.,Healthcare,NH,EQ,NH.NS
National Aluminium Co. Ltd.,Metals & Mining,NATIONALUM,EQ,NATIONALUM.NS
Navin Fluorine International Ltd.,Chemicals,NAVINFLUOR,EQ,NAVINFLUOR.NS
Nestle India Ltd.,Fast Moving Consumer Goods,NESTLEIND,EQ,NESTLEIND.NS
Nuvoco Vistas Corporation Ltd.,Construction Materials,NUVOCO,EQ,NUVOCO.NS
Oberoi Realty Ltd.,Realty,OBEROIRLTY,EQ,OBEROIRLTY.NS
Oil & Natural Gas Corporation Ltd.,Oil Gas & Consumable Fuels,ONGC,EQ,ONGC.NS
Oil India Ltd.,Oil Gas & Consumable Fuels,OIL,EQ,OIL.NS
Olectra Greentech Ltd.,Automobile and Auto Components,OLECTRA,EQ,OLECTRA.NS
Oracle Financial Services Software Ltd.,Information Technology,OFSS,EQ,OFSS.NS
Orient Electric Ltd.,Consumer Durables,ORIENTELEC,EQ,ORIENTELEC.NS
PCBL Ltd.,Chemicals,PCBL,EQ,PCBL.NS
PI Industries Ltd.,Chemicals,PIIND,EQ,PIIND.NS
PNC Infratech Ltd.,Construction,PNCINFRA,EQ,PNCINFRA.NS
Page Industries Ltd.,Textiles,PAGEIND,EQ,PAGEIND.NS
Persistent Systems Ltd.,Information Technology,PERSISTENT,EQ,PERSISTENT.NS
Petronet LNG Ltd.,Oil Gas & Consumable Fuels,PETRONET,EQ,PETRONET.NS
Pfizer Ltd.,Healthcare,PFIZER,EQ,PFIZER.NS
Phoenix Mills Ltd.,Realty,PHOENIXLTD,EQ,PHOENIXLTD.NS
Pidilite Industries Ltd.,Chemicals,PIDILITIND,EQ,PIDILITIND.NS
Piramal Pharma Ltd.,Healthcare,PPLPHARMA,EQ,PPLPHARMA.NS
Poly Medicure Ltd.,Healthcare,POLYMED,EQ,POLYMED.NS
Power Grid Corporation of India Ltd.,Power,POWERGRID,EQ,POWERGRID.NS
Prestige Estates Projects Ltd.,Realty,PRESTIGE,EQ,PRESTIGE.NS
Prism Johnson Ltd.,Construction Materials,PRSMJOHNSN,EQ,PRSMJOHNSN.NS
Procter & Gamble Hygiene & Health Care Ltd.,Fast Moving Consumer Goods,PGHH,EQ,PGHH.NS
Quess Corp Ltd.,Services,QUESS,EQ,QUESS.NS
RITES Ltd.,Construction,RITES,EQ,RITES.NS
Radico Khaitan Ltd,Fast Moving Consumer Goods,RADICO,EQ,RADICO.NS
Rail Vikas Nigam Ltd.,Construction,RVNL,EQ,RVNL.NS
Rain Industries Ltd,Chemicals,RAIN,EQ,RAIN.NS
Rainbow Childrens Medicare Ltd.,Healthcare,RAINBOW,EQ,RAINBOW.NS
Rajesh Exports Ltd.,Consumer Durables,RAJESHEXPO,EQ,RAJESHEXPO.NS
Rallis India Ltd.,Chemicals,RALLIS,EQ,RALLIS.NS
Rashtriya Chemicals & Fertilizers Ltd.,Chemicals,RCF,EQ,RCF.NS
RattanIndia Enterprises Ltd.,Services,RTNINDIA,EQ,RTNINDIA.NS
Raymond Ltd.,Textiles,RAYMOND,EQ,RAYMOND.NS
Redington Ltd.,Services,REDINGTON,EQ,REDINGTON.NS
Relaxo Footwears Ltd.,Consumer Durables,RELAXO,EQ,RELAXO.NS
Reliance Industries Ltd.,Oil Gas & Consumable Fuels,RELIANCE,EQ,RELIANCE.NS
Restaurant Brands Asia Ltd.,Consumer Services,RBA,EQ,RBA.NS
Rossari Biotech Ltd.,Chemicals,ROSSARI,EQ,ROSSARI.NS
Route Mobile Ltd.,Telecommunication,ROUTE,EQ,ROUTE.NS
SJVN Ltd.,Power,SJVN,EQ,SJVN.NS
SRF Ltd.,Chemicals,SRF,EQ,SRF.NS
Samvardhana Motherson International Ltd.,Automobile and Auto Components,MOTHERSON,EQ,MOTHERSON.NS
Sanofi India Ltd.,Healthcare,SANOFI,EQ,SANOFI.NS
Sapphire Foods India Ltd.,Consumer Services,SAPPHIRE,EQ,SAPPHIRE.NS
Schaeffler India Ltd.,Automobile and Auto Components,SCHAEFFLER,EQ,SCHAEFFLER.NS
Sharda Cropchem Ltd.,Chemicals,SHARDACROP,EQ,SHARDACROP.NS
Shoppers Stop Ltd.,Consumer Services,SHOPERSTOP,EQ,SHOPERSTOP.NS
Shree Cement Ltd.,Construction Materials,SHREECEM,EQ,SHREECEM.NS
Shree Renuka Sugars Ltd.,Fast Moving Consumer Goods,RENUKA,EQ,RENUKA.NS
Shyam Metalics and Energy Ltd.,Metals & Mining,SHYAMMETL,EQ,SHYAMMETL.NS
Sobha Ltd.,Realty,SOBHA,EQ,SOBHA.NS
Solar Industries India Ltd.,Chemicals,SOLARINDS,EQ,SOLARINDS.NS
Sona BLW Precision Forgings Ltd.,Automobile and Auto Components,SONACOMS,EQ,SONACOMS.NS
Sonata Software Ltd.,Information Technology,SONATSOFTW,EQ,SONATSOFTW.NS
Steel Authority of India Ltd.,Metals & Mining,SAIL,EQ,SAIL.NS
Sterling and Wilson Renewable Energy Ltd.,Construction,SWSOLAR,EQ,SWSOLAR.NS
Sterlite Technologies Ltd.,Telecommunication,STLTECH,EQ,STLTECH.NS
Sumitomo Chemical India Ltd.,Chemicals,SUMICHEM,EQ,SUMICHEM.NS
Sun Pharma Advanced Research Company Ltd.,Healthcare,SPARC,EQ,SPARC.NS
Sun Pharmaceutical Industries Ltd.,Healthcare,SUNPHARMA,EQ,SUNPHARMA.NS
Sundram Fasteners Ltd.,Automobile and Auto Components,SUNDRMFAST,EQ,SUNDRMFAST.NS
Sunteck Realty Ltd.,Realty,SUNTECK,EQ,SUNTECK.NS
Suprajit Engineering Ltd.,Automobile and Auto Components,SUPRAJIT,EQ,SUPRAJIT.NS
Suven Pharmaceuticals Ltd.,Healthcare,SUVENPHAR,EQ,SUVENPHAR.NS
Swan Energy Ltd.,Realty,SWANENERGY,EQ,SWANENERGY.NS
Syngene International Ltd.,Healthcare,SYNGENE,EQ,SYNGENE.NS
TCI Express Ltd.,Services,TCIEXP,EQ,TCIEXP.NS
TCNS Clothing Co. Ltd.,Textiles,TCNSBRANDS,EQ,TCNSBRANDS.NS
TTK Prestige Ltd.,Consumer Durables,TTKPRESTIG,EQ,TTKPRESTIG.NS
TVS Motor Company Ltd.,Automobile and Auto Components,TVSMOTOR,EQ,TVSMOTOR.NS
Tanla Platforms Ltd.,Information Technology,TANLA,EQ,TANLA.NS
Tata Chemicals Ltd.,Chemicals,TATACHEM,EQ,TATACHEM.NS
Tata Communications Ltd.,Telecommunication,TATACOMM,EQ,TATACOMM.NS
Tata Consultancy Services Ltd.,Information Technology,TCS,EQ,TCS.NS
Tata Consumer Products Ltd.,Fast Moving Consumer Goods,TATACONSUM,EQ,TATACONSUM.NS
Tata Elxsi Ltd.,Information Technology,TATAELXSI,EQ,TATAELXSI.NS
Tata Motors Ltd DVR,Automobile and Auto Components,TATAMTRDVR,EQ,TATAMTRDVR.NS
Tata Motors Ltd.,Automobile and Auto Components,TATAMOTORS,EQ,TATAMOTORS.NS
Tata Power Co. Ltd.,Power,TATAPOWER,EQ,TATAPOWER.NS
Tata Steel Ltd.,Metals & Mining,TATASTEEL,EQ,TATASTEEL.NS
Tata Teleservices (Maharashtra) Ltd.,Telecommunication,TTML,EQ,TTML.NS
Teamlease Services Ltd.,Services,TEAMLEASE,EQ,TEAMLEASE.NS
Tech Mahindra Ltd.,Information Technology,TECHM,EQ,TECHM.NS
Tejas Networks Ltd.,Telecommunication,TEJASNET,EQ,TEJASNET.NS
The Ramco Cements Ltd.,Construction Materials,RAMCOCEM,EQ,RAMCOCEM.NS
Titan Company Ltd.,Consumer Durables,TITAN,EQ,TITAN.NS
Torrent Pharmaceuticals Ltd.,Healthcare,TORNTPHARM,EQ,TORNTPHARM.NS
Torrent Power Ltd.,Power,TORNTPOWER,EQ,TORNTPOWER.NS
Transport Corporation of India Ltd.,Services,TCI,EQ,TCI.NS
Trent Ltd.,Consumer Services,TRENT,EQ,TRENT.NS
Trident Ltd.,Textiles,TRIDENT,EQ,TRIDENT.NS
Triveni Engineering & Industries Ltd.,Fast Moving Consumer Goods,TRIVENI,EQ,TRIVENI.NS
Tube Investments of India Ltd.,Automobile and Auto Components,TIINDIA,EQ,TIINDIA.NS
UNO Minda Ltd.,Automobile and Auto Components,UNOMINDA,EQ,UNOMINDA.NS
UPL Ltd.,Chemicals,UPL,EQ,UPL.NS
UltraTech Cement Ltd.,Construction Materials,ULTRACEMCO,EQ,ULTRACEMCO.NS
United Breweries Ltd.,Fast Moving Consumer Goods,UBL,EQ,UBL.NS
United Spirits Ltd.,Fast Moving Consumer Goods,MCDOWELL-N,EQ,MCDOWELL-N.NS
V-Guard Industries Ltd.,Consumer Durables,VGUARD,EQ,VGUARD.NS
V-Mart Retail Ltd.,Consumer Services,VMART,EQ,VMART.NS
V.I.P. Industries Ltd.,Consumer Durables,VIPIND,EQ,VIPIND.NS
Vaibhav Global Ltd.,Consumer Durables,VAIBHAVGBL,EQ,VAIBHAVGBL.NS
Vardhman Textiles Ltd.,Textiles,VTL,EQ,VTL.NS
Varroc Engineering Ltd.,Automobile and Auto Components,VARROC,EQ,VARROC.NS
Varun Beverages Ltd.,Fast Moving Consumer Goods,VBL,EQ,VBL.NS
Vedant Fashions Ltd.,Consumer Services,MANYAVAR,EQ,MANYAVAR.NS
Vedanta Ltd.,Metals & Mining,VEDL,EQ,VEDL.NS
Vijaya Diagnostic Centre Ltd.,Healthcare,VIJAYA,EQ,VIJAYA.NS
Vinati Organics Ltd.,Chemicals,VINATIORGA,EQ,VINATIORGA.NS
Vodafone Idea Ltd.,Telecommunication,IDEA,EQ,IDEA.NS
Voltas Ltd.,Consumer Durables,VOLTAS,EQ,VOLTAS.NS
Welspun India Ltd.,Textiles,WELSPUNIND,EQ,WELSPUNIND.NS
Westlife Development Ltd.,Consumer Services,WESTLIFE,EQ,WESTLIFE.NS
Whirlpool of India Ltd.,Consumer Durables,WHIRLPOOL,EQ,WHIRLPOOL.NS
Wipro Ltd.,Information Technology,WIPRO,EQ,WIPRO.NS
ZF Commercial Vehicle Control Systems India Ltd.,Automobile and Auto Components,ZFCVINDIA,EQ,ZFCVINDIA.NS
Zensar Technolgies Ltd.,Information Technology,ZENSARTECH,EQ,ZENSARTECH.NS
Zomato Ltd.,Consumer Services,ZOMATO,EQ,ZOMATO.NS
Zydus Lifesciences Ltd.,Healthcare,ZYDUSLIFE,EQ,ZYDUSLIFE.NS
Zydus Wellness Ltd.,Fast Moving Consumer Goods,ZYDUSWELL,EQ,ZYDUSWELL.NS
eClerx Services Ltd.,Services,ECLERX,EQ,ECLERX.NS
